Ник,Фамилия,Имя,ссылка
gurylev,Гурылев,Борис,http://www.zuzino-shtab.ru/gurylev
klykov,Клыков,Сергей,http://www.zuzino-shtab.ru/klykov
malakhov,Малахов,Петр,http://www.zuzino-shtab.ru/malakhov
samgin,Самгин,Юрий,http://www.zuzino-shtab.ru/samgin
yankauskas,Янкаускас,Константин,http://www.zuzino-shtab.ru/yankauskas
arkhipova,Архипова,Наталья,http://www.zuzino-shtab.ru/arkhipova
moroz,Мороз,Юрий,http://www.zuzino-shtab.ru/moroz
shafranov,Шафранов,Илья,http://www.zuzino-shtab.ru/shafranov
yatsyk,Яцык,Светлана,http://www.zuzino-shtab.ru/yatsyk
grishin,Гришин,Антон,http://www.zuzino-shtab.ru/grishin
zamyatin,Замятин,Александр,http://www.zuzino-shtab.ru/zamyatin
ivanov,Иванов,Михаил,http://www.zuzino-shtab.ru/ivanov
lukyanenko,Лукьяненко,Алексей,http://www.zuzino-shtab.ru/lukyanenko
chernysheva,Чернышева,Наталья,http://www.zuzino-shtab.ru/chernysheva